Date,EUR/USD,USD/CHF,USD/CAD,EUR/GBP,EUR/JPY,EUR/CHF,AUD/USD,GBP/JPY,CHF/JPY,GBP/CHF,NZD/USD
2020-01-02,1.1165,0.9725,1.2985,0.85,121.18,1.0857,0.698,142.53,111.59,1.277,0.6691
2020-01-03,1.1165,0.9719,1.2994,0.8537,120.58,1.0849,0.6956,141.27,111.13,1.2709,0.6668
2020-01-06,1.119,0.9686,1.2961,0.8502,121.34,1.0841,0.6935,142.72,111.92,1.2748,0.6666
2020-01-07,1.1141,0.9711,1.3003,0.849,120.9,1.0819,0.6865,142.37,111.7,1.274,0.6638
2020-01-08,1.111,0.9732,1.3022,0.848,121.28,1.0813,0.687,143,112.13,1.2752,0.665
2020-01-09,1.1106,0.9731,1.3066,0.8501,121.61,1.0806,0.6851,143.05,112.5,1.2713,0.6611
2020-01-10,1.112,0.9725,1.3055,0.8513,121.75,1.0813,0.6905,142.97,112.57,1.2697,0.6638
2020-01-13,1.1138,0.9703,1.3045,0.8569,122.41,1.0807,0.6907,142.85,113.25,1.2612,0.6635
2020-01-14,1.1129,0.9673,1.3053,0.8538,122.42,1.0764,0.6903,143.33,113.68,1.2604,0.6617
2020-01-15,1.1149,0.9636,1.3041,0.8558,122.53,1.0743,0.6902,143.11,114.04,1.2548,0.6605
2020-01-16,1.1134,0.9647,1.3045,0.852,122.62,1.0741,0.6894,143.92,114.11,1.2607,0.6635
2020-01-17,1.1089,0.9677,1.3064,0.852,122.12,1.0735,0.6877,143.33,113.76,1.2594,0.6616
2020-01-20,1.1082,0.9687,1.3048,0.8525,122.09,1.0736,0.6868,143.2,113.68,1.2594,0.6601
2020-01-21,1.1092,0.9682,1.3071,0.85,121.79,1.0737,0.6845,143.25,113.4,1.2631,0.6595
2020-01-22,1.1092,0.9683,1.3143,0.8446,121.88,1.074,0.6839,144.27,113.44,1.2711,0.6592
2020-01-23,1.1055,0.9693,1.3128,0.8425,121.01,1.0716,0.6842,143.6,112.9,1.2715,0.6598
2020-01-24,1.103,0.9704,1.3145,0.8433,120.46,1.0704,0.682,142.8,112.51,1.2691,0.6607
2020-01-27,1.1015,0.9696,1.3181,0.844,120,1.0678,0.6758,142.12,112.34,1.2652,0.6545
2020-01-28,1.1014,0.973,1.317,0.8467,120.2,1.0719,0.6751,141.92,112.11,1.2654,0.6531
2020-01-29,1.101,0.9736,1.3196,0.8459,120.06,1.0719,0.6754,141.93,111.97,1.2669,0.6527
2020-01-30,1.1029,0.9695,1.3209,0.8429,119.98,1.0692,0.6712,142.32,112.16,1.2682,0.6482
2020-01-31,1.1087,0.9635,1.3231,0.8399,120.18,1.0683,0.6694,143.05,112.45,1.2715,0.6465
2020-02-03,1.1063,0.9655,1.3299,0.8512,120.17,1.0681,0.6688,141.12,112.45,1.2547,0.6463
2020-02-04,1.1042,0.9696,1.3275,0.8466,120.85,1.0704,0.6734,142.74,112.89,1.2643,0.6483
2020-02-05,1.0993,0.9737,1.3293,0.8463,120.7,1.0702,0.6743,142.63,112.73,1.2647,0.6474
2020-02-06,1.0973,0.9753,1.3287,0.849,120.68,1.0698,0.6731,142.14,112.74,1.2603,0.6459
2020-02-07,1.0944,0.9772,1.3297,0.8491,120.1,1.0696,0.6675,141.43,112.26,1.2597,0.6398
2020-02-10,1.0914,0.9767,1.3315,0.8447,119.69,1.0661,0.6678,141.68,112.24,1.2617,0.6386
2020-02-11,1.092,0.9755,1.3291,0.8421,119.87,1.0651,0.6713,142.29,112.49,1.2646,0.6402
2020-02-12,1.0867,0.9782,1.325,0.8381,119.61,1.0629,0.6733,142.66,112.5,1.2677,0.6459
2020-02-13,1.0841,0.9787,1.3257,0.8305,119.03,1.0612,0.6724,143.3,112.12,1.2774,0.644
2020-02-14,1.0842,0.981,1.3241,0.8315,118.95,1.0636,0.6708,143.03,111.79,1.2788,0.6431
2020-02-17,1.083,0.9808,1.3233,0.8324,119.05,1.0623,0.6717,143,112.02,1.2759,0.6437
2020-02-18,1.0797,0.9826,1.325,0.8307,118.59,1.0607,0.6686,142.76,111.75,1.2769,0.6383
2020-02-19,1.0796,0.984,1.323,0.8359,120.35,1.0625,0.6673,143.91,113.23,1.2705,0.6375
2020-02-20,1.079,0.9838,1.3254,0.8374,120.9,1.0619,0.6618,144.39,113.85,1.2679,0.6335
2020-02-21,1.0855,0.9777,1.3203,0.8363,121.17,1.0612,0.663,144.85,114.15,1.2688,0.6354
2020-02-24,1.0852,0.9784,1.3286,0.8401,120.1,1.0619,0.6603,142.94,113.06,1.2639,0.6339
2020-02-25,1.0879,0.9754,1.3271,0.8365,119.68,1.0614,0.6596,143.08,112.74,1.2688,0.6329
2020-02-26,1.0888,0.9762,1.3308,0.8431,120.15,1.0632,0.6555,142.46,112.99,1.2604,0.63
2020-02-27,1.098,0.9708,1.3363,0.8516,120.81,1.0658,0.6583,141.81,113.29,1.2513,0.6311
2020-02-28,1.1038,0.9648,1.3424,0.8608,119.19,1.065,0.6511,138.43,111.86,1.237,0.6246
2020-03-02,1.113,0.9604,1.333,0.8718,120.69,1.0687,0.6522,138.39,112.86,1.2257,0.6238
2020-03-03,1.1178,0.9567,1.3376,0.8733,119.79,1.0696,0.6591,137.13,111.96,1.2243,0.6285
2020-03-04,1.1133,0.9568,1.3394,0.865,119.53,1.065,0.6615,138.16,112.19,1.231,0.6286
2020-03-05,1.1233,0.9458,1.3407,0.8667,119.16,1.0626,0.6605,137.46,112.11,1.2258,0.6301
2020-03-06,1.1315,0.9366,1.342,0.8692,119.05,1.0598,0.6637,136.91,112.28,1.2188,0.6358
2020-03-09,1.1454,0.9245,1.3626,0.8743,117.1,1.059,0.6599,133.88,110.53,1.2106,0.6353
2020-03-10,1.1288,0.9389,1.3729,0.8748,118.87,1.0598,0.649,135.87,112.12,1.2115,0.6259
2020-03-11,1.1277,0.9374,1.3768,0.8792,117.68,1.0571,0.6487,133.81,111.27,1.202,0.627
2020-03-12,1.1181,0.9458,1.3841,0.8883,117.76,1.0576,0.6318,132.5,111.3,1.1903,0.6145
2020-03-13,1.1065,0.9566,1.3915,0.8985,119.89,1.0587,0.6143,133.39,113.22,1.1777,0.6037
2020-03-16,1.1155,0.9478,1.3974,0.9111,118.68,1.0573,0.6126,130.23,112.22,1.1601,0.6056
2020-03-17,1.0996,0.9602,1.4234,0.9104,118.4,1.0558,0.5987,129.99,112.1,1.1593,0.5935
2020-03-18,1.0863,0.9697,1.4541,0.9377,117.35,1.0536,0.5776,125.1,111.35,1.123,0.5747
2020-03-19,1.0672,0.986,1.4508,0.926,118.06,1.0525,0.577,127.47,112.16,1.1362,0.5731
2020-03-20,1.0641,0.9895,1.4403,0.9187,118.31,1.053,0.5813,128.73,112.31,1.1458,0.5696
2020-03-23,1.0733,0.9835,1.4519,0.9318,119.62,1.0554,0.579,128.33,113.26,1.1326,0.5699
2020-03-24,1.0756,0.9833,1.4496,0.9168,119.9,1.0576,0.59,130.74,113.33,1.1534,0.5769
2020-03-25,1.0867,0.978,1.4204,0.9156,120.93,1.0628,0.5957,132.03,113.74,1.1606,0.5829
2020-03-26,1.1032,0.9629,1.4048,0.9089,120.65,1.0623,0.6061,132.69,113.54,1.1684,0.5969
2020-03-27,1.1106,0.9538,1.3955,0.8915,119.8,1.0591,0.6178,134.3,113.05,1.1875,0.6045
2020-03-30,1.1038,0.9592,1.4136,0.8906,119.06,1.0587,0.616,133.65,112.42,1.1884,0.6002
2020-03-31,1.1006,0.964,1.4093,0.8864,118.52,1.0612,0.6129,133.71,111.68,1.1972,0.5948
2020-04-01,1.0925,0.9676,1.4228,0.8817,117.09,1.0571,0.6069,132.73,110.77,1.1982,0.5911
2020-04-02,1.0828,0.9745,1.4198,0.8746,116.78,1.0551,0.6035,133.5,110.64,1.206,0.5898
2020-04-03,1.0808,0.9764,1.4143,0.8814,117.16,1.0554,0.5996,132.88,111.01,1.1971,0.5859
2020-04-06,1.08,0.9778,1.4117,0.8773,117.75,1.0561,0.6089,134.17,111.44,1.2035,0.5932
2020-04-07,1.0904,0.9691,1.3989,0.8836,118.66,1.0565,0.6194,134.27,112.26,1.1954,0.5988
2020-04-08,1.0866,0.9708,1.4034,0.8764,118.22,1.0549,0.6236,134.86,112.03,1.2033,0.6023
2020-04-09,1.0929,0.9659,1.4015,0.8773,118.47,1.0556,0.6319,135,112.22,1.2028,0.6063
2020-04-10,1.0943,0.9648,1.3958,0.8773,118.64,1.0558,0.6344,135.21,112.27,1.2032,0.6082
2020-04-13,1.0918,0.9662,1.3875,0.8716,117.38,1.0548,0.6401,134.67,111.24,1.2102,0.6103
2020-04-14,1.0975,0.9604,1.3913,0.8692,117.63,1.0541,0.643,135.33,111.56,1.2124,0.609
2020-04-15,1.0919,0.9639,1.4086,0.8703,117.29,1.0522,0.6325,134.75,111.44,1.2088,0.5992
2020-04-16,1.0845,0.969,1.4112,0.8707,116.76,1.0507,0.6307,134.02,111.09,1.2061,0.5955
2020-04-17,1.0871,0.9673,1.4023,0.87,116.92,1.0516,0.6352,134.35,111.18,1.2082,0.6027
2020-04-20,1.0864,0.9674,1.4121,0.8725,116.99,1.051,0.6349,134.03,111.25,1.2042,0.6047
2020-04-21,1.0851,0.9696,1.418,0.8825,116.9,1.052,0.6295,132.43,111.07,1.1918,0.5972
2020-04-22,1.0814,0.9724,1.4173,0.878,116.49,1.0516,0.632,132.67,110.75,1.1974,0.5951
2020-04-23,1.0772,0.9767,1.4071,0.8721,115.83,1.0519,0.6373,132.77,110.06,1.206,0.6004
2020-04-24,1.0794,0.9752,1.4101,0.8739,115.99,1.0526,0.6379,132.72,110.13,1.2048,0.6004
2020-04-27,1.0828,0.9757,1.4048,0.8717,116.12,1.0564,0.6457,133.17,109.89,1.2115,0.605
2020-04-28,1.0832,0.9737,1.3991,0.8711,115.76,1.0549,0.65,132.86,109.72,1.2108,0.6059
2020-04-29,1.0877,0.9746,1.3893,0.873,115.95,1.0602,0.6546,132.77,109.33,1.2142,0.6129
2020-04-30,1.095,0.9653,1.3937,0.8696,117.2,1.057,0.6521,134.72,110.81,1.2152,0.6143
2020-05-01,1.0978,0.9612,1.4066,0.8786,117.25,1.0551,0.6419,133.43,111.08,1.2009,0.6052
2020-05-04,1.09,0.9657,1.4081,0.8763,116.39,1.0528,0.6422,132.79,110.49,1.2013,0.6033
2020-05-05,1.0855,0.9716,1.4026,0.8717,115.62,1.0547,0.6454,132.58,109.57,1.2094,0.6065
2020-05-06,1.0807,0.9744,1.4117,0.8745,114.6,1.0531,0.6419,131.04,108.79,1.204,0.6022
2020-05-07,1.0824,0.9732,1.3974,0.8756,115.06,1.0534,0.6493,131.4,109.17,1.203,0.6086
2020-05-08,1.0842,0.9704,1.393,0.8733,115.59,1.0521,0.6525,132.3,109.82,1.2044,0.6131
2020-05-11,1.0805,0.9728,1.4029,0.8762,116.4,1.0511,0.6481,132.82,110.7,1.1993,0.6066
2020-05-12,1.0854,0.9687,1.4042,0.8833,116.44,1.0512,0.6492,131.77,110.7,1.19,0.6093
2020-05-13,1.0816,0.972,1.4101,0.8847,115.72,1.0512,0.6446,130.77,110.05,1.1879,0.5986
2020-05-14,1.0799,0.9733,1.4032,0.883,115.89,1.0508,0.6462,131.22,110.23,1.1897,0.5998
2020-05-15,1.081,0.9722,1.4109,0.8918,115.99,1.0509,0.6416,130,110.3,1.1784,0.5929
2020-05-18,1.0914,0.9727,1.396,0.8949,117.16,1.0615,0.6514,130.88,110.35,1.1858,0.603
2020-05-19,1.0938,0.971,1.389,0.8906,117.86,1.062,0.6561,132.29,110.91,1.1923,0.6099
2020-05-20,1.0984,0.9644,1.3881,0.8978,118.1,1.0593,0.6599,131.51,111.44,1.1796,0.6145
2020-05-21,1.0959,0.9699,1.3951,0.8957,117.98,1.0628,0.6562,131.71,111,1.1865,0.6111
2020-05-22,1.0898,0.9722,1.4016,0.8943,117.12,1.0595,0.6531,130.93,110.56,1.1838,0.6087
2020-05-25,1.0893,0.971,1.397,0.893,117.31,1.0578,0.6547,131.3,110.87,1.1842,0.6099
2020-05-26,1.0988,0.9651,1.3766,0.8904,118.19,1.0603,0.6666,132.67,111.4,1.1907,0.6221
2020-05-27,1.0987,0.9686,1.3779,0.8967,118.33,1.064,0.6606,131.91,111.17,1.1862,0.6171
2020-05-28,1.1088,0.9633,1.3755,0.8982,119.33,1.0682,0.6657,132.83,111.68,1.1887,0.6223
2020-05-29,1.1094,0.9615,1.3796,0.9003,119.59,1.0666,0.665,132.83,112.11,1.1845,0.6193
2020-06-01,1.1127,0.9612,1.359,0.8919,119.75,1.0695,0.6788,134.22,111.94,1.1989,0.6285
2020-06-02,1.1169,0.9622,1.3517,0.8907,121.42,1.0745,0.688,136.27,112.97,1.2062,0.6355
2020-06-03,1.1232,0.9619,1.3487,0.8924,122.36,1.0804,0.6928,137.1,113.23,1.2105,0.6426
2020-06-04,1.1358,0.9544,1.3481,0.8996,123.93,1.0841,0.695,137.74,114.3,1.2051,0.6462
2020-06-05,1.1291,0.9623,1.343,0.8909,123.78,1.0864,0.6969,138.89,113.88,1.2191,0.6511
2020-06-08,1.1308,0.9565,1.3362,0.8891,122.41,1.0813,0.7019,137.65,113.13,1.2164,0.656
2020-06-09,1.1342,0.95,1.3394,0.89,122.15,1.0773,0.6965,137.23,113.37,1.2104,0.6517
2020-06-10,1.1381,0.9439,1.3392,0.8922,121.96,1.0743,0.7,136.67,113.49,1.2039,0.6542
2020-06-11,1.1291,0.943,1.3605,0.8971,120.76,1.066,0.6848,134.57,113.24,1.1877,0.6416
2020-06-12,1.1238,0.954,1.3592,0.8985,120.72,1.072,0.6854,134.3,112.55,1.1927,0.6437
2020-06-15,1.1313,0.9487,1.3564,0.8988,121.42,1.0734,0.6915,135.06,113.09,1.194,0.6479
2020-06-16,1.1266,0.9493,1.3562,0.8955,120.88,1.0695,0.6892,134.96,112.99,1.1939,0.6449
2020-06-17,1.1233,0.9492,1.3555,0.8951,120.26,1.0662,0.6895,134.32,112.77,1.1907,0.6465
2020-06-18,1.1204,0.9514,1.3603,0.9019,119.67,1.0659,0.6846,132.65,112.28,1.1814,0.6428
2020-06-19,1.1182,0.9516,1.3601,0.9047,119.48,1.0641,0.6844,132,112.27,1.1756,0.6409
2020-06-22,1.1254,0.9477,1.3532,0.903,120.33,1.0664,0.6906,133.23,112.8,1.181,0.6474
2020-06-23,1.1312,0.9448,1.3536,0.9036,120.48,1.0688,0.6934,133.28,112.69,1.1824,0.6495
2020-06-24,1.1256,0.9473,1.3608,0.906,120.35,1.0663,0.6869,132.79,112.8,1.1766,0.641
2020-06-25,1.1216,0.9487,1.3651,0.904,120.26,1.0641,0.687,132.99,112.95,1.1769,0.6424
2020-06-26,1.1228,0.9472,1.366,0.9097,120.32,1.0634,0.6862,132.25,113.1,1.1688,0.6421
2020-06-28,1.1235,0.9515,1.3684,0.9143,120.99,1.0689,0.6855,132.3,113.14,1.1689,0.6412
2020-06-29,1.1235,0.9515,1.3684,0.9143,120.99,1.0689,0.6855,132.3,113.14,1.1689,0.6412
2020-06-30,1.1237,0.9466,1.3591,0.907,121.26,1.0638,0.6899,133.67,113.95,1.1725,0.6454
2020-07-01,1.1255,0.9457,1.3596,0.9022,120.97,1.0644,0.6912,134.03,113.58,1.1797,0.647
2020-07-02,1.123,0.9456,1.3577,0.901,120.8,1.0617,0.6921,134.03,113.72,1.1781,0.6509
2020-07-03,1.1236,0.9458,1.3568,0.9016,120.78,1.0629,0.6938,133.91,113.58,1.1785,0.6528
2020-07-06,1.1312,0.9414,1.3545,0.9056,121.42,1.0648,0.6974,134.05,114.02,1.1756,0.6555
2020-07-07,1.1284,0.9419,1.3594,0.8988,121.33,1.0628,0.6956,134.95,114.12,1.1823,0.6547
2020-07-08,1.1334,0.938,1.3497,0.8981,121.49,1.0628,0.698,135.28,114.26,1.1833,0.6572
2020-07-09,1.1293,0.9403,1.3581,0.8946,121.11,1.0619,0.6958,135.33,114.04,1.1868,0.6564
2020-07-10,1.13,0.9413,1.3591,0.8948,120.82,1.0637,0.6946,135.03,113.53,1.1888,0.6569
2020-07-13,1.1357,0.9414,1.3588,0.903,121.82,1.0689,0.6959,134.85,113.91,1.1834,0.6555
2020-07-14,1.1395,0.939,1.3614,0.9076,122.12,1.0699,0.697,134.55,114.08,1.1789,0.6527
2020-07-15,1.1406,0.9456,1.3507,0.9061,121.99,1.0783,0.7001,134.63,113.08,1.1901,0.6568
2020-07-16,1.1379,0.9447,1.3564,0.9063,122.18,1.0751,0.6971,134.75,113.59,1.186,0.653
2020-07-17,1.1437,0.9386,1.3574,0.9099,122.32,1.0735,0.6999,134.41,113.93,1.1796,0.6561
2020-07-20,1.1434,0.94,1.3532,0.9032,122.69,1.0747,0.7008,135.8,114.11,1.1896,0.657
2020-07-21,1.1527,0.9327,1.3435,0.9036,123.04,1.0751,0.7138,136.17,114.43,1.1896,0.664
2020-07-22,1.1562,0.9298,1.3421,0.9082,124.01,1.075,0.7136,136.55,115.31,1.1835,0.6657
2020-07-23,1.1596,0.9259,1.3397,0.9103,123.81,1.0736,0.7105,136,115.29,1.1791,0.663
2020-07-24,1.1638,0.9221,1.3419,0.9097,123.35,1.073,0.7097,135.55,114.91,1.1791,0.6637
2020-07-27,1.1743,0.9207,1.3361,0.9121,123.81,1.0813,0.7141,135.69,114.47,1.1851,0.6676
2020-07-28,1.1722,0.9175,1.3365,0.9057,123.25,1.0753,0.7157,136.07,114.57,1.1872,0.6653
2020-07-29,1.1788,0.9128,1.3336,0.9067,123.69,1.0758,0.7187,136.41,114.93,1.1862,0.6667
2020-07-30,1.1828,0.9098,1.3436,0.9043,124.06,1.0763,0.7169,137.16,115.27,1.1899,0.6664
2020-07-31,1.1788,0.9135,1.3387,0.8992,124.62,1.0769,0.7143,138.59,115.73,1.1975,0.6633
2020-08-03,1.1761,0.9177,1.3388,0.8995,124.63,1.0794,0.712,138.53,115.46,1.1997,0.661
2020-08-04,1.0802,0.9131,1.3319,0.9031,124.79,1.0778,0.7161,138.18,115.77,1.1936,0.6642
2020-08-05,1.1761,0.9177,1.3388,0.8995,124.63,1.0794,0.712,138.53,115.46,1.1997,0.661
2020-08-06,1.1761,0.9177,1.3388,0.8995,124.63,1.0794,0.712,138,115.46,1.1997,0.661
2020-08-07,1.1782,0.9136,1.3381,0.9023,124.79,1.0762,0.7151,138.26,115.94,1.1924,0.6595
2020-08-10,1.1739,0.9151,1.3351,0.8987,124.41,1.0749,0.7151,138.44,115.73,1.1959,0.6587
2020-08-11,1.1744,0.9166,1.3288,0.8988,125.28,1.0765,0.7148,139.32,116.31,1.1974,0.6579
2020-08-12,1.1789,0.9115,1.3245,0.9045,125.94,1.0746,0.7168,139.2,117.15,1.1877,0.6581
2020-08-13,1.1798,0.9108,1.3225,0.9036,126.19,1.0744,0.7144,139.59,117.41,1.1886,0.6541
2020-08-14,1.1836,0.9094,1.3255,0.904,126.1,1.0762,0.7171,139.48,117.15,1.1903,0.6545
2020-08-17,1.1861,0.9062,1.3196,0.9054,125.77,1.0748,0.7207,138.92,116.96,1.1871,0.6542
2020-08-18,1.1931,0.9031,1.3159,0.9011,125.79,1.0775,0.7239,139.57,116.68,1.1957,0.6598
2020-08-19,1.1848,0.9141,1.32,0.9037,125.51,1.083,0.7194,138.84,115.84,1.1982,0.6576
2020-08-20,1.1856,0.9082,1.3175,0.8976,125.38,1.0769,0.7188,139.64,116.38,1.1994,0.6524
2020-08-21,1.1786,0.9122,1.3187,0.9005,124.68,1.0751,0.7153,138.46,115.97,1.1938,0.6532
2020-08-24,1.1795,0.9113,1.3235,0.9028,124.97,1.0747,0.7163,138.34,116.21,1.1901,0.653
2020-08-25,1.183,0.9081,1.3184,0.8996,125.78,1.0743,0.7189,139.78,117.05,1.1942,0.6547
2020-08-26,1.1816,0.9084,1.316,0.8956,125.27,1.0732,0.7225,139.84,116.67,1.1983,0.6605
2020-08-27,1.1821,0.9085,1.3124,0.8949,126,1.0742,0.7259,140.76,117.29,1.1999,0.6637
2020-08-28,1.1891,0.9048,1.31,0.8914,125.31,1.0761,0.7351,140.56,116.41,1.207,0.673
2020-08-31,1.1934,0.9034,1.3032,0.8925,126.36,1.078,0.7385,141.55,117.2,1.2077,0.6745
2020-09-01,1.1914,0.9092,1.3073,0.8896,126.2,1.0831,0.7372,141.86,116.49,1.2173,0.675
2020-09-02,1.1831,0.9126,1.3065,0.8876,125.66,1.0796,0.732,141.56,116.37,1.216,0.6759
2020-09-03,1.1855,0.9089,1.3121,0.8926,125.75,1.0774,0.7277,140.85,116.64,1.2068,0.6703
2020-09-04,1.1843,0.9132,1.3061,0.8923,125.78,1.0816,0.729,140.96,116.26,1.2122,0.6727
2020-09-07,1.1816,0.9163,1.3091,0.8969,125.58,1.0826,0.7281,140.01,115.95,1.207,0.6694
2020-09-08,1.1786,0.9162,1.3201,0.9059,124.98,1.0799,0.7235,137.9,115.66,1.1917,0.6628
2020-09-09,1.1803,0.9132,1.3154,0.9086,125.36,1.0778,0.7273,137.94,116.24,1.1861,0.6675
2020-09-10,1.1819,0.91,1.3193,0.9239,125.4,1.0758,0.7257,135.67,116.54,1.1637,0.6645
2020-09-11,1.183,0.9093,1.3199,0.9251,125.5,1.0756,0.7264,135.66,116.64,1.1628,0.6645
2020-09-14,1.1861,0.9076,1.318,0.9223,125.36,1.0764,0.7289,135.86,116.41,1.1671,0.6705
2020-09-15,1.1849,0.9078,1.3183,0.9189,124.94,1.0758,0.7305,135.91,116.1,1.1703,0.6718
2020-09-16,1.1802,0.9101,1.3164,0.9109,123.9,1.0742,0.7298,136.02,115.3,1.1791,0.6727
2020-09-17,1.1847,0.9083,1.3155,0.9129,124.02,1.076,0.7314,135.82,115.25,1.1784,0.6753
2020-09-18,1.1857,0.9098,1.3189,0.9167,123.94,1.0787,0.7308,135.19,114.87,1.1766,0.6771
2020-09-21,1.1752,0.9151,1.3306,0.9188,123.13,1.0754,0.7209,133.98,114.46,1.1699,0.666
2020-09-22,1.1708,0.9197,1.3302,0.9191,122.9,1.0768,0.717,133.69,114.11,1.1712,0.6635
2020-09-23,1.1654,0.9239,1.3375,0.9163,122.87,1.0766,0.7075,134.06,114.05,1.1748,0.6539
2020-09-24,1.1676,0.9255,1.334,0.915,123.05,1.0806,0.7057,134.44,113.84,1.1805,0.6556
2020-09-25,1.1624,0.9289,1.3397,0.9134,122.75,1.0798,0.7022,134.37,113.66,1.1818,0.6544
2020-09-28,1.1664,0.9246,1.3371,0.9076,123.05,1.0781,0.7069,135.57,114.09,1.1878,0.6555
2020-09-29,1.1739,0.9191,1.3387,0.9126,124.05,1.0789,0.7134,135.89,114.93,1.1819,0.6594
2020-09-30,1.1718,0.9208,1.3309,0.9075,123.56,1.0788,0.7164,136.14,114.48,1.1888,0.6612
2020-10-01,1.1738,0.9189,1.3285,0.9114,123.93,1.0784,0.7176,135.97,114.86,1.1832,0.6642
2020-10-02,1.1714,0.92,1.3307,0.9057,123.44,1.0778,0.7159,136.26,114.5,1.1896,0.6629
2020-10-05,1.1776,0.9156,1.327,0.9073,124.49,1.0782,0.7176,137.2,115.41,1.1885,0.6635
2020-10-06,1.1748,0.9173,1.3301,0.9102,124.05,1.0773,0.7122,136.24,115.1,1.1837,0.6603
2020-10-07,1.1762,0.9171,1.3271,0.9114,124.68,1.0787,0.7133,136.81,115.55,1.1834,0.6571
2020-10-08,1.1756,0.9169,1.32,0.9087,124.61,1.0779,0.7164,137.09,115.56,1.186,0.6582
2020-10-09,1.1825,0.9097,1.3131,0.9068,124.88,1.0754,0.7233,137.69,116.08,1.1858,0.6663
2020-10-12,1.1807,0.9095,1.3111,0.9035,124.37,1.0738,0.7211,137.63,115.8,1.1884,0.6648
2020-10-13,1.1738,0.9149,1.3137,0.9073,123.87,1.074,0.7152,136.47,115.31,1.1834,0.6641
2020-10-14,1.175,0.9128,1.3144,0.902,123.48,1.0728,0.7167,136.87,115.07,1.1891,0.6656
2020-10-15,1.1695,0.9149,1.3231,0.9059,123.32,1.0701,0.7088,136.08,115.19,1.1809,0.659
2020-10-16,1.1716,0.9153,1.3182,0.9063,123.47,1.0724,0.7084,136.22,115.09,1.1831,0.661
2020-10-19,1.1778,0.9093,1.3166,0.9083,124.19,1.0712,0.7079,136.68,115.92,1.179,0.6622
2020-10-20,1.1829,0.9068,1.3116,0.9141,124.75,1.0728,0.7065,136.46,116.27,1.1733,0.6591
2020-10-21,1.1866,0.9041,1.3127,0.9019,124,1.0728,0.7125,137.46,115.51,1.1897,0.6667
2020-10-22,1.1819,0.9071,1.3132,0.9032,123.89,1.0721,0.7117,137.15,115.55,1.1866,0.6684
2020-10-23,1.186,0.9044,1.3135,0.9104,124.2,1.0726,0.7134,136.38,115.79,1.1778,0.6684
2020-10-26,1.1812,0.9074,1.3202,0.9066,123.85,1.0717,0.7127,136.58,115.55,1.1819,0.6684
2020-10-27,1.1826,0.9064,1.3158,0.9052,123.49,1.0719,0.7141,136.39,115.15,1.1838,0.6716
2020-10-28,1.1753,0.91,1.3292,0.9045,122.62,1.0694,0.7057,135.56,114.65,1.1823,0.665
2020-10-29,1.166,0.9165,1.3337,0.9025,122.07,1.0685,0.7023,135.22,114.19,1.1837,0.6617
2020-10-30,1.1646,0.917,1.332,0.8987,121.84,1.0679,0.7028,135.56,114.09,1.188,0.6611
2020-11-02,1.1629,0.9195,1.3238,0.9013,121.92,1.0694,0.7047,135.22,113.97,1.186,0.6622
2020-11-03,1.1703,0.9125,1.3168,0.8985,122.38,1.0682,0.7141,136.22,114.56,1.1884,0.6678
2020-11-04,1.1711,0.9124,1.3132,0.9021,122.36,1.0686,0.7179,135.63,114.44,1.1848,0.6686
2020-11-05,1.1817,0.9047,1.3059,0.8999,122.37,1.0693,0.7266,135.95,114.37,1.1878,0.6763
2020-11-06,1.1881,0.8994,1.3028,0.9027,122.62,1.0686,0.7264,135.8,114.66,1.1833,0.6773
2020-11-09,1.1834,0.912,1.2977,0.8981,124.69,1.0794,0.7297,138.82,115.5,1.2017,0.6839
2020-11-10,1.1823,0.9142,1.3007,0.8924,124.49,1.0808,0.7281,139.47,115.17,1.2109,0.6826
2020-11-11,1.1771,0.917,1.3067,0.8912,124.1,1.0792,0.7276,139.2,114.92,1.2111,0.6878
2020-11-12,1.1801,0.9151,1.3144,0.9,124.11,1.0799,0.7236,137.89,114.88,1.1996,0.6846
2020-11-13,1.1832,0.9131,1.3136,0.8974,123.76,1.0803,0.7264,137.9,114.52,1.2036,0.684
2020-11-16,1.184,0.9122,1.309,0.8976,123.76,1.0801,0.7313,137.88,114.55,1.2032,0.6887
2020-11-17,1.1864,0.9107,1.3074,0.8948,123.63,1.0804,0.7306,138.12,114.4,1.2073,0.6895
2020-11-18,1.1853,0.9101,1.305,0.8932,123.16,1.0798,0.7319,137.86,114.04,1.2087,0.6932
2020-11-19,1.1875,0.9109,1.3068,0.8951,123.13,1.0808,0.7285,137.53,113.92,1.2071,0.6914
2020-11-20,1.1856,0.9113,1.3084,0.8927,123.09,1.0807,0.7309,137.87,113.86,1.2105,0.694
2020-11-23,1.1843,0.9122,1.3071,0.8887,123.7,1.0802,0.7289,139.15,114.48,1.2151,0.6925
2020-11-24,1.1879,0.9118,1.3016,0.8892,124.17,1.0831,0.7351,139.63,114.63,1.2181,0.6974
2020-11-25,1.1915,0.9082,1.2988,0.8902,124.35,1.0821,0.7363,139.67,114.85,1.2155,0.7013
2020-11-26,1.1897,0.908,1.3016,0.8924,124.1,1.0801,0.7359,139.04,114.84,1.2104,0.6997
2020-11-27,1.1953,0.9044,1.2983,0.8988,124.39,1.0814,0.7385,138.39,115,1.2026,0.7025
2020-11-30,1.1954,0.9056,1.2977,0.8951,124.66,1.0825,0.7356,139.23,115.11,1.2092,0.7026
2020-12-01,1.2046,0.9002,1.2944,0.8971,125.71,1.0843,0.7365,140.09,115.88,1.2083,0.706
2020-12-02,1.2099,0.8956,1.2926,0.9053,126.5,1.0836,0.7403,139.72,116.67,1.1968,0.7059
2020-12-03,1.2142,0.8918,1.2861,0.9022,126.16,1.0825,0.7445,139.79,116.48,1.1995,0.708
